{"cameraMode":{"drawMode":0,"name":"Shaded","section":"Shading Mode"},"sceneLighting":false,"audioPlay":false,"sceneViewState":{"m_AlwaysRefresh":false,"showFog":true,"showSkybox":false,"showFlares":true,"showImageEffects":true,"showParticleSystems":true,"showVisualEffectGraphs":true,"m_FxEnabled":false},"in2DMode":false,"pivot":{"x":-0.14725305140018464,"y":1.1919159889221192,"z":-0.08382654190063477},"rotation":{"x":0.00020569861226249486,"y":0.998789370059967,"z":0.0041854302398860458,"w":-0.049178242683410647},"size":1.4771314859390259,"orthographic":false}